mesh_name;cam1_loc;cam1_rot;cam2_loc;cam2_rot
ellipsetorus_network;(0.99718, -1.78334, -0.03970);(1.59055, 0.01415, 0.51230);(-1.14958, -0.77410, 1.07668);(0.92730, 0.01152, -0.99358)
gs-ship1;(0.48003, -0.77884, 0.53805);(0.96928, 0.01151, -5.74111);(0.72381, 0.75872, 0.14346);(1.40914, 0.01342, -3.87212)
spherecylinder_network;(-1.57011, 1.76501, 0.00813);(1.57001, 0.01215, -8.69217);(-1.39336, -0.68782, 1.99822);(0.66240, 0.00826, -7.38831)
trebol_network;(0.91332, -1.75883, 0.53650);(1.32569, 0.01136, -12.08892);(1.24836, 1.21417, 1.04450);(1.05339, 0.01027, -10.20669)
ils_roadster;(-0.83323, 1.02066, 0.38028);(1.23470, 0.01229, -8.70252);(-0.87598, -0.85893, 0.48219);(1.15789, 0.01195, -7.10465)
gs-bulbasaur;(-0.96462, 1.51888, 0.04961);(1.58364, 0.01391, -8.84680);(-1.01311, -1.49843, -0.54945);(1.91178, 0.01314, -6.87360)
ils_car1;(-0.53435, -1.08393, 0.14981);(1.41594, 0.01412, -0.54825);(-0.64564, 0.94825, 0.25027);(1.30422, 0.01377, -2.51858)